com.samsung.shealth.step_daily_trend,6233003,6
binning_data,update_time,create_time,source_pkg_name,source_type,count,speed,distance,calorie,deviceuuid,pkg_name,datauuid,day_time
cdffff5e-2558-4795-989e-6ae2802f3e7b.binning_data.json,2023-01-26 17:10:35.456,2023-01-26 17:10:35.456,com.sec.android.app.shealth,-2,1813,1.2261393,1341.0599,65.95001,VfS0qUERdZ,com.sec.android.app.shealth,cdffff5e-2558-4795-989e-6ae2802f3e7b,1674345600000,
da3a3579-f126-46ad-8ba5-0ffba5db23b6.binning_data.json,2023-01-26 17:10:35.237,2023-01-26 17:10:35.237,com.sec.android.app.shealth,-2,1926,1.3062984,1454.6101,98.06003,VfS0qUERdZ,com.sec.android.app.shealth,da3a3579-f126-46ad-8ba5-0ffba5db23b6,1674518400000,
fa104763-5291-4dc5-a9a8-dee6018eaf93.binning_data.json,2023-01-27 08:28:27.384,2023-01-26 17:11:01.986,com.sec.android.app.shealth,-2,2792,1.2920175,2106.7502,144.31,VfS0qUERdZ,com.sec.android.app.shealth,fa104763-5291-4dc5-a9a8-dee6018eaf93,1674691200000,
68c0fbfa-087b-4388-8771-d20232ce78a9.binning_data.json,2023-01-26 17:10:35.263,2023-01-26 17:10:35.263,com.sec.android.app.shealth,-2,2554,1.3336122,1935.6199,82.289955,VfS0qUERdZ,com.sec.android.app.shealth,68c0fbfa-087b-4388-8771-d20232ce78a9,1674432000000,
ecf79ad8-6960-45e9-9384-0783ae564686.binning_data.json,2023-01-27 06:00:01.193,2023-01-27 06:00:01.193,com.sec.android.app.shealth,0,1836,1.2878559,1387.5599,90.759995,aZEautf6/t,com.sec.android.app.shealth,ecf79ad8-6960-45e9-9384-0783ae564686,1674691200000,
a6de2ec3-fd66-4007-b385-fe6d3ac702f0.binning_data.json,2023-01-26 17:10:35.242,2023-01-26 17:10:35.242,com.sec.android.app.shealth,-2,1046,1.1741658,769.49,51.989998,VfS0qUERdZ,com.sec.android.app.shealth,a6de2ec3-fd66-4007-b385-fe6d3ac702f0,1674604800000,
b62c340f-419d-4387-8255-78c50a48f24b.binning_data.json,2023-01-28 06:00:28.488,2023-01-27 06:00:02.398,com.sec.android.app.shealth,104,2360,1.3234801,1789.3506,127.26004,iRIQdWw88T,com.sec.android.app.shealth,b62c340f-419d-4387-8255-78c50a48f24b,1674691200000,
187392c5-39bb-4a03-8c95-f156070e0b9f.binning_data.json,2023-01-27 06:00:02.365,2023-01-27 06:00:02.365,com.sec.android.app.shealth,104,1926,1.3062984,1454.6101,98.06003,iRIQdWw88T,com.sec.android.app.shealth,187392c5-39bb-4a03-8c95-f156070e0b9f,1674518400000,
0fee4760-1812-401d-9c39-9420d135bc16.binning_data.json,2023-01-27 06:00:02.391,2023-01-27 06:00:02.391,com.sec.android.app.shealth,104,1813,1.2261393,1341.0599,65.95001,iRIQdWw88T,com.sec.android.app.shealth,0fee4760-1812-401d-9c39-9420d135bc16,1674345600000,
cae36fe5-d6df-494b-a2b3-ddbcd8e1f6a7.binning_data.json,2023-01-28 19:16:10.506,2023-01-27 08:27:14.610,com.sec.android.app.shealth,-2,836,1.1987317,619.0504,41.63001,VfS0qUERdZ,com.sec.android.app.shealth,cae36fe5-d6df-494b-a2b3-ddbcd8e1f6a7,1674777600000,
ac983978-94c2-4398-bab6-766eb37d5567.binning_data.json,2023-01-27 06:00:02.450,2023-01-27 06:00:02.450,com.sec.android.app.shealth,104,1046,1.1741658,769.49,51.989998,iRIQdWw88T,com.sec.android.app.shealth,ac983978-94c2-4398-bab6-766eb37d5567,1674604800000,
29d5f4a5-268a-4fd0-a500-6a9e302b8805.binning_data.json,2023-01-29 06:00:01.647,2023-01-29 06:00:01.647,com.sec.android.app.shealth,0,2437,1.2891458,1842.15,121.21,aZEautf6/t,com.sec.android.app.shealth,29d5f4a5-268a-4fd0-a500-6a9e302b8805,1674864000000,
32ec890e-0cee-47d2-8c8d-e51116ece579.binning_data.json,2023-01-28 06:00:27.394,2023-01-28 06:00:27.394,com.sec.android.app.shealth,0,139,1.2194368,103.53,6.81,aZEautf6/t,com.sec.android.app.shealth,32ec890e-0cee-47d2-8c8d-e51116ece579,1674777600000,
0be1b2c1-ede8-4578-b79d-bd22633a3c7c.binning_data.json,2023-01-27 06:00:02.375,2023-01-27 06:00:02.375,com.sec.android.app.shealth,104,2554,1.3336122,1935.6199,82.289955,iRIQdWw88T,com.sec.android.app.shealth,0be1b2c1-ede8-4578-b79d-bd22633a3c7c,1674432000000,
7de61ada-6ad3-4657-ba91-abd71cc45a03.binning_data.json,2023-01-29 09:29:24.434,2023-01-28 19:16:10.206,com.sec.android.app.shealth,-2,3478,1.2625602,2610.4197,173.65,VfS0qUERdZ,com.sec.android.app.shealth,7de61ada-6ad3-4657-ba91-abd71cc45a03,1674864000000,
211a49f3-f725-4888-9eb8-d06e18647e6d.binning_data.json,2023-01-30 15:26:44.081,2023-01-29 09:29:24.207,com.sec.android.app.shealth,-2,812,1.2357378,604.79,39.59992,VfS0qUERdZ,com.sec.android.app.shealth,211a49f3-f725-4888-9eb8-d06e18647e6d,1674950400000,
91053bf7-8793-447f-bdc0-91ff709d78ed.binning_data.json,2023-01-30 06:00:02.321,2023-01-29 06:00:02.799,com.sec.android.app.shealth,104,3052,1.2702211,2286.5,151.92978,iRIQdWw88T,com.sec.android.app.shealth,91053bf7-8793-447f-bdc0-91ff709d78ed,1674864000000,
3ddc58a2-410f-43f1-a1fe-c7be2b546ad4.binning_data.json,2023-01-31 06:00:01.006,2023-01-31 06:00:01.006,com.sec.android.app.shealth,0,2071,1.2256676,1553.32,102.75001,aZEautf6/t,com.sec.android.app.shealth,3ddc58a2-410f-43f1-a1fe-c7be2b546ad4,1675036800000,
a591e662-64e6-4add-934c-0e32939a0539.binning_data.json,2023-01-30 06:00:01.345,2023-01-30 06:00:01.345,com.sec.android.app.shealth,0,73,1.1388888,54.09,3.6,aZEautf6/t,com.sec.android.app.shealth,a591e662-64e6-4add-934c-0e32939a0539,1674950400000,
ba6bb5c3-84d8-4267-82f9-d22bb4eaa9f6.binning_data.json,2023-01-29 06:00:02.806,2023-01-28 06:00:28.498,com.sec.android.app.shealth,104,807,1.2111543,598.8604,40.140007,iRIQdWw88T,com.sec.android.app.shealth,ba6bb5c3-84d8-4267-82f9-d22bb4eaa9f6,1674777600000,
2dc33ccc-a3d8-48f9-a502-1d433ce8620f.binning_data.json,2023-02-01 06:00:02.247,2023-01-31 06:00:02.143,com.sec.android.app.shealth,104,1867,1.3073003,1410.2994,93.559875,iRIQdWw88T,com.sec.android.app.shealth,2dc33ccc-a3d8-48f9-a502-1d433ce8620f,1675036800000,
729f1c8c-e342-43f8-ad12-90b0df5d1767.binning_data.json,2023-02-01 08:16:50.573,2023-01-31 10:11:56.687,com.sec.android.app.shealth,-2,1235,1.2317629,919.9199,57.079845,VfS0qUERdZ,com.sec.android.app.shealth,729f1c8c-e342-43f8-ad12-90b0df5d1767,1675123200000,
90e7096e-df2f-4cda-b0d6-60901e3f5542.binning_data.json,2023-02-02 06:00:02.564,2023-02-02 06:00:02.564,com.sec.android.app.shealth,0,2593,1.2388265,1933.47,79.569984,aZEautf6/t,com.sec.android.app.shealth,90e7096e-df2f-4cda-b0d6-60901e3f5542,1675209600000,
3d3a6333-9fbd-4f95-bb7a-0ba66a7475cb.binning_data.json,2023-01-31 14:49:58.751,2023-01-30 15:26:43.867,com.sec.android.app.shealth,-2,2822,1.2253802,2111.4397,140.92987,VfS0qUERdZ,com.sec.android.app.shealth,3d3a6333-9fbd-4f95-bb7a-0ba66a7475cb,1675036800000,
a40b32a6-5e05-4991-a911-88b280dd4dcc.binning_data.json,2023-01-31 06:00:02.010,2023-01-30 06:00:02.341,com.sec.android.app.shealth,104,801,1.2385648,595.67,39.00992,iRIQdWw88T,com.sec.android.app.shealth,a40b32a6-5e05-4991-a911-88b280dd4dcc,1674950400000,
512a753c-827c-4849-a1cf-efefa71d9267.binning_data.json,2023-02-01 06:00:01.074,2023-02-01 06:00:01.074,com.sec.android.app.shealth,0,340,1.18799,251.93001,10.88,aZEautf6/t,com.sec.android.app.shealth,512a753c-827c-4849-a1cf-efefa71d9267,1675123200000,
29c4e117-7ff7-49e6-a5e9-5a5677903714.binning_data.json,2023-02-02 09:38:07.851,2023-02-01 08:16:50.353,com.sec.android.app.shealth,-2,3449,1.265303,2578.1487,137.8399,VfS0qUERdZ,com.sec.android.app.shealth,29c4e117-7ff7-49e6-a5e9-5a5677903714,1675209600000,
1ab53624-93a7-4fc8-95a1-404134bf4937.binning_data.json,2023-02-04 06:00:01.367,2023-02-04 06:00:01.367,com.sec.android.app.shealth,0,159,1.1816571,117.71,4.9599996,aZEautf6/t,com.sec.android.app.shealth,1ab53624-93a7-4fc8-95a1-404134bf4937,1675382400000,
0a8d73ba-9102-4545-bc0a-aacb34c80507.binning_data.json,2023-02-03 06:00:03.082,2023-02-02 06:00:03.719,com.sec.android.app.shealth,104,2847,1.2737736,2133.8567,143.34966,iRIQdWw88T,com.sec.android.app.shealth,0a8d73ba-9102-4545-bc0a-aacb34c80507,1675209600000,
52acddd4-b740-473a-9b10-e507ad5a9c66.binning_data.json,2023-02-03 05:49:55.320,2023-02-02 19:06:19.076,com.sec.android.app.shealth,-2,1458,1.4399916,1106.361,67.729866,VfS0qUERdZ,com.sec.android.app.shealth,52acddd4-b740-473a-9b10-e507ad5a9c66,1675296000000,
d58fecb0-f418-479b-9dc0-2703d290b901.binning_data.json,2023-02-03 06:00:01.996,2023-02-03 06:00:01.996,com.sec.android.app.shealth,0,609,1.2296406,455.46,21.509996,aZEautf6/t,com.sec.android.app.shealth,d58fecb0-f418-479b-9dc0-2703d290b901,1675296000000,
22d47af5-8c69-4a50-be6a-2242b2e8ab58.binning_data.json,2023-02-02 06:00:03.727,2023-02-01 06:00:02.269,com.sec.android.app.shealth,104,1090,1.2455146,812.4503,54.419807,iRIQdWw88T,com.sec.android.app.shealth,22d47af5-8c69-4a50-be6a-2242b2e8ab58,1675123200000,
ea593579-8236-485e-9714-d2322aca0bde.binning_data.json,2023-02-04 03:37:06.411,2023-02-03 10:44:21.476,com.sec.android.app.shealth,-2,878,1.188935,649.3907,41.549934,VfS0qUERdZ,com.sec.android.app.shealth,ea593579-8236-485e-9714-d2322aca0bde,1675382400000,
c279730b-8fc7-4bfa-808b-21889eca9cd6.binning_data.json,2023-02-06 06:00:01.799,2023-02-06 06:00:01.799,com.sec.android.app.shealth,0,136,1.1645979,100.43,4.33,aZEautf6/t,com.sec.android.app.shealth,c279730b-8fc7-4bfa-808b-21889eca9cd6,1675555200000,
9d5fa138-83c1-49b7-a1bc-b723bd706560.binning_data.json,2023-02-05 15:24:11.536,2023-02-04 07:15:54.691,com.sec.android.app.shealth,-2,1322,1.2754099,994.85114,58.629852,VfS0qUERdZ,com.sec.android.app.shealth,9d5fa138-83c1-49b7-a1bc-b723bd706560,1675468800000,
7c835938-32af-4e60-aae0-ea7a5aef754b.binning_data.json,2023-02-04 06:00:02.310,2023-02-04 06:00:02.310,com.sec.android.app.shealth,104,841,1.2000381,623.2407,42.059933,iRIQdWw88T,com.sec.android.app.shealth,7c835938-32af-4e60-aae0-ea7a5aef754b,1675382400000,
5a7d87c4-b9ea-4120-9666-db290322a601.binning_data.json,2023-02-05 06:00:02.483,2023-02-05 06:00:02.483,com.sec.android.app.shealth,0,737,1.21823,551.94995,23.719997,aZEautf6/t,com.sec.android.app.shealth,5a7d87c4-b9ea-4120-9666-db290322a601,1675468800000,
6df3f8ac-a262-41d6-b4dc-f5e2229ecc5c.binning_data.json,2023-02-03 06:00:03.103,2023-02-03 06:00:03.103,com.sec.android.app.shealth,104,1235,1.5241662,943.4113,63.859806,iRIQdWw88T,com.sec.android.app.shealth,6df3f8ac-a262-41d6-b4dc-f5e2229ecc5c,1675296000000,
c390e7f5-fe51-4578-ab9a-bb0c07a24d4e.binning_data.json,2023-02-06 05:27:55.014,2023-02-05 15:24:11.337,com.sec.android.app.shealth,-2,1106,1.2676694,829.3099,53.45002,VfS0qUERdZ,com.sec.android.app.shealth,c390e7f5-fe51-4578-ab9a-bb0c07a24d4e,1675555200000,
93209c51-5146-4f23-aed3-538a764e0369.binning_data.json,2023-02-06 06:00:02.776,2023-02-06 06:00:02.776,com.sec.android.app.shealth,104,1069,1.2735875,801.5599,52.89002,iRIQdWw88T,com.sec.android.app.shealth,93209c51-5146-4f23-aed3-538a764e0369,1675555200000,
5797bcba-4c69-4889-928b-a985fd894438.binning_data.json,2023-02-08 06:00:02.156,2023-02-08 06:00:02.156,com.sec.android.app.shealth,0,1844,1.2082379,1367.5298,56.599995,aZEautf6/t,com.sec.android.app.shealth,5797bcba-4c69-4889-928b-a985fd894438,1675728000000,
a416a3ce-a203-4a87-8298-e897a65f64e9.binning_data.json,2023-02-07 06:00:01.880,2023-02-07 06:00:01.880,com.sec.android.app.shealth,0,234,1.2167374,174.5,7.4199996,aZEautf6/t,com.sec.android.app.shealth,a416a3ce-a203-4a87-8298-e897a65f64e9,1675641600000,
b108b3c8-e706-4abd-bcb6-eeed78224be1.binning_data.json,2023-02-06 06:00:02.754,2023-02-05 06:00:03.615,com.sec.android.app.shealth,104,1064,1.3096827,804.3618,55.499825,iRIQdWw88T,com.sec.android.app.shealth,b108b3c8-e706-4abd-bcb6-eeed78224be1,1675468800000,
30789bf7-953d-47f1-b2ce-6339d9ad2621.binning_data.json,2023-02-09 06:00:02.099,2023-02-08 06:00:03.075,com.sec.android.app.shealth,104,2575,1.2673244,1932.4104,130.50996,iRIQdWw88T,com.sec.android.app.shealth,30789bf7-953d-47f1-b2ce-6339d9ad2621,1675728000000,
0230992c-fcec-4344-b13d-737be3bfab61.binning_data.json,2023-02-08 07:26:13.353,2023-02-07 07:30:33.458,com.sec.android.app.shealth,-2,2883,1.2366327,2149.6902,118.96996,VfS0qUERdZ,com.sec.android.app.shealth,0230992c-fcec-4344-b13d-737be3bfab61,1675728000000,
503ebc11-b673-450a-b2aa-0e4813d39d07.binning_data.json,2023-02-07 07:30:33.695,2023-02-06 11:05:42.932,com.sec.android.app.shealth,-2,2041,1.2348588,1519.1599,98.39003,VfS0qUERdZ,com.sec.android.app.shealth,503ebc11-b673-450a-b2aa-0e4813d39d07,1675641600000,
bad5429f-eed4-4408-80d4-032fbfc82354.binning_data.json,2023-02-08 06:00:03.080,2023-02-07 06:00:02.790,com.sec.android.app.shealth,104,1926,1.2330351,1432.35,95.550026,iRIQdWw88T,com.sec.android.app.shealth,bad5429f-eed4-4408-80d4-032fbfc82354,1675641600000,
92b01fba-54ba-4e46-a8e9-a25a509ddb23.binning_data.json,2023-02-10 06:00:01.590,2023-02-10 06:00:01.590,com.sec.android.app.shealth,0,1195,1.2383704,893.4601,37.919994,aZEautf6/t,com.sec.android.app.shealth,92b01fba-54ba-4e46-a8e9-a25a509ddb23,1675900800000,
0dbf7b85-1ab9-4277-86a0-9d9876e842ca.binning_data.json,2023-02-09 06:00:01.120,2023-02-09 06:00:01.120,com.sec.android.app.shealth,0,104,1.1492854,76.03,3.34,aZEautf6/t,com.sec.android.app.shealth,0dbf7b85-1ab9-4277-86a0-9d9876e842ca,1675814400000,
2e71421d-4555-41ae-83b4-ec76c193b6b7.binning_data.json,2023-02-11 06:00:02.885,2023-02-10 06:00:02.522,com.sec.android.app.shealth,104,1928,1.2669506,1444.09,99.299995,iRIQdWw88T,com.sec.android.app.shealth,2e71421d-4555-41ae-83b4-ec76c193b6b7,1675900800000,
7be3b4a5-d689-471f-904e-49708b18a66d.binning_data.json,2023-02-10 16:08:29.835,2023-02-09 10:15:47.574,com.sec.android.app.shealth,-2,2209,1.2522469,1653.69,97.03,VfS0qUERdZ,com.sec.android.app.shealth,7be3b4a5-d689-471f-904e-49708b18a66d,1675900800000,
1f62389f-b36f-4530-a702-9bb506d7a844.binning_data.json,2023-02-09 05:23:28.414,2023-02-08 07:26:13.124,com.sec.android.app.shealth,-2,722,1.2236456,535.34064,34.539955,VfS0qUERdZ,com.sec.android.app.shealth,1f62389f-b36f-4530-a702-9bb506d7a844,1675814400000,
656bb393-351a-4634-b4bf-ee5a79e98947.binning_data.json,2023-02-12 06:00:02.170,2023-02-12 06:00:02.170,com.sec.android.app.shealth,0,5196,1.1670372,3864.21,258.19,aZEautf6/t,com.sec.android.app.shealth,656bb393-351a-4634-b4bf-ee5a79e98947,1676073600000,
e648b824-7b65-454f-ab92-03a4e69b4c39.binning_data.json,2023-02-09 06:00:02.090,2023-02-09 06:00:02.090,com.sec.android.app.shealth,104,618,1.2368928,459.31064,31.199953,iRIQdWw88T,com.sec.android.app.shealth,e648b824-7b65-454f-ab92-03a4e69b4c39,1675814400000,
70432c6a-4da5-412f-afc5-6722b44ac80a.binning_data.json,2023-02-11 06:00:01.932,2023-02-11 06:00:01.932,com.sec.android.app.shealth,0,546,1.2220321,406.02,17.23,aZEautf6/t,com.sec.android.app.shealth,70432c6a-4da5-412f-afc5-6722b44ac80a,1675987200000,
d3912563-9a65-410e-8214-4ba0cc6f3fa7.binning_data.json,2023-02-12 13:06:51.929,2023-02-11 08:00:36.717,com.sec.android.app.shealth,-2,6110,1.1923697,4543.52,304.38,VfS0qUERdZ,com.sec.android.app.shealth,d3912563-9a65-410e-8214-4ba0cc6f3fa7,1676073600000,
45f43261-9e11-493c-9de1-8549a648bced.binning_data.json,2023-02-13 06:00:03.406,2023-02-12 06:00:03.343,com.sec.android.app.shealth,104,4364,1.245929,3252.88,218.05,iRIQdWw88T,com.sec.android.app.shealth,45f43261-9e11-493c-9de1-8549a648bced,1676073600000,
b249c01b-b910-4452-bef1-525aa5f67698.binning_data.json,2023-02-11 11:00:41.851,2023-02-10 16:08:29.551,com.sec.android.app.shealth,-2,1139,1.206462,843.4098,46.530025,VfS0qUERdZ,com.sec.android.app.shealth,b249c01b-b910-4452-bef1-525aa5f67698,1675987200000,
68943d6b-cbe7-4227-82f6-b6407e96e691.binning_data.json,2023-02-14 10:25:40.989,2023-02-13 10:25:17.528,com.sec.android.app.shealth,-2,3438,1.3031809,2598.823,174.6199,VfS0qUERdZ,com.sec.android.app.shealth,68943d6b-cbe7-4227-82f6-b6407e96e691,1676246400000,
4f9d0cd3-88f3-40a8-bbf6-1c0bfe72ca5c.binning_data.json,2023-02-12 06:00:03.350,2023-02-11 06:00:02.904,com.sec.android.app.shealth,104,815,1.2156373,603.13983,40.140022,iRIQdWw88T,com.sec.android.app.shealth,4f9d0cd3-88f3-40a8-bbf6-1c0bfe72ca5c,1675987200000,
b2df0eb8-8417-478e-b9aa-344a7c48356a.binning_data.json,2023-02-14 06:00:01.746,2023-02-14 06:00:01.746,com.sec.android.app.shealth,0,916,1.2345582,689.66,45.329998,aZEautf6/t,com.sec.android.app.shealth,b2df0eb8-8417-478e-b9aa-344a7c48356a,1676246400000,
dacb8fa0-b1a8-466a-a599-cbd79572d605.binning_data.json,2023-02-13 10:25:17.674,2023-02-12 06:35:54.256,com.sec.android.app.shealth,-2,2541,1.3159363,1929.8206,128.99982,VfS0qUERdZ,com.sec.android.app.shealth,dacb8fa0-b1a8-466a-a599-cbd79572d605,1676160000000,
813d3bec-ce4f-43cd-a2b6-3dcc96e78153.binning_data.json,2023-02-15 06:01:02.170,2023-02-14 06:00:03.021,com.sec.android.app.shealth,104,3099,1.3142712,2341.0337,159.08987,iRIQdWw88T,com.sec.android.app.shealth,813d3bec-ce4f-43cd-a2b6-3dcc96e78153,1676246400000,
37b65a29-285a-4db7-b1dd-f3e1e8e309ed.binning_data.json,2023-02-16 08:30:42.677,2023-02-15 06:13:22.191,com.sec.android.app.shealth,-2,1163,1.2249475,868.4084,58.049706,VfS0qUERdZ,com.sec.android.app.shealth,37b65a29-285a-4db7-b1dd-f3e1e8e309ed,1676419200000,
4c67e03f-f710-41c7-963e-540c5be1db37.binning_data.json,2023-02-13 06:00:02.343,2023-02-13 06:00:02.343,com.sec.android.app.shealth,0,1620,1.2715584,1228.18,80.97,aZEautf6/t,com.sec.android.app.shealth,4c67e03f-f710-41c7-963e-540c5be1db37,1676160000000,
93230d4c-3ccd-4cda-b26d-22d14b0d6c0b.binning_data.json,2023-02-14 06:00:03.050,2023-02-13 06:00:03.402,com.sec.android.app.shealth,104,1955,1.3038402,1473.8805,98.699814,iRIQdWw88T,com.sec.android.app.shealth,93230d4c-3ccd-4cda-b26d-22d14b0d6c0b,1676160000000,
6c3d0dc4-7d21-4f0b-8f1e-6d3a98f49980.binning_data.json,2023-02-15 13:38:55.265,2023-02-14 10:25:40.750,com.sec.android.app.shealth,-2,1368,1.1883996,1012.27,67.99988,VfS0qUERdZ,com.sec.android.app.shealth,6c3d0dc4-7d21-4f0b-8f1e-6d3a98f49980,1676332800000,
8f26de60-e663-4f93-8ad5-c4236101b28e.binning_data.json,2023-02-16 06:04:36.150,2023-02-16 06:04:36.150,com.sec.android.app.shealth,0,292,1.1858603,217.43,14.33,aZEautf6/t,com.sec.android.app.shealth,8f26de60-e663-4f93-8ad5-c4236101b28e,1676419200000,
a7ef702d-475e-4946-9232-bd47ee4e0a7c.binning_data.json,2023-02-15 06:00:01.829,2023-02-15 06:00:01.829,com.sec.android.app.shealth,0,584,1.2043303,435.93,28.74,aZEautf6/t,com.sec.android.app.shealth,a7ef702d-475e-4946-9232-bd47ee4e0a7c,1676332800000,
ecd1ee3f-712d-4a96-ab0f-3f894ba80519.binning_data.json,2023-02-16 06:04:37.830,2023-02-15 06:01:02.162,com.sec.android.app.shealth,104,1104,1.1903248,814.6207,55.009846,iRIQdWw88T,com.sec.android.app.shealth,ecd1ee3f-712d-4a96-ab0f-3f894ba80519,1676332800000,
6bf81452-9005-4039-8aad-de4d59678d8f.binning_data.json,2023-02-17 06:00:03.016,2023-02-16 06:04:37.825,com.sec.android.app.shealth,104,1050,1.2403674,785.7883,52.379707,iRIQdWw88T,com.sec.android.app.shealth,6bf81452-9005-4039-8aad-de4d59678d8f,1676419200000,
45393938-e3e2-49f5-903e-2a56766232a9.binning_data.json,2023-02-17 13:13:43.482,2023-02-16 07:30:09.716,com.sec.android.app.shealth,-2,698,1.208717,517.24,34.609947,VfS0qUERdZ,com.sec.android.app.shealth,45393938-e3e2-49f5-903e-2a56766232a9,1676505600000,
8304d98d-a2c0-4b34-a9ea-321a3e730e46.binning_data.json,2023-02-18 09:21:26.647,2023-02-17 13:13:43.279,com.sec.android.app.shealth,-2,4035,1.2400218,3026.9246,202.5798,VfS0qUERdZ,com.sec.android.app.shealth,8304d98d-a2c0-4b34-a9ea-321a3e730e46,1676592000000,
cbb25ae0-da8c-46c9-bab0-db3855a542c6.binning_data.json,2023-02-18 06:00:12.654,2023-02-18 06:00:12.654,com.sec.android.app.shealth,0,2863,1.1919218,2135.92,142.48,aZEautf6/t,com.sec.android.app.shealth,cbb25ae0-da8c-46c9-bab0-db3855a542c6,1676592000000,
2287588e-ffa3-43cf-a255-fa80ad02ef31.binning_data.json,2023-02-19 06:00:02.635,2023-02-18 06:00:14.032,com.sec.android.app.shealth,104,3105,1.3300259,2353.2236,156.82977,iRIQdWw88T,com.sec.android.app.shealth,2287588e-ffa3-43cf-a255-fa80ad02ef31,1676592000000,
6a2e75e3-c456-4f40-8cfd-eaf7d74c2c9d.binning_data.json,2023-02-17 06:00:01.803,2023-02-17 06:00:01.803,com.sec.android.app.shealth,0,111,1.2742774,83.69,5.29,aZEautf6/t,com.sec.android.app.shealth,6a2e75e3-c456-4f40-8cfd-eaf7d74c2c9d,1676505600000,
5ecdab7a-b24f-4ac0-a6a5-c3f8f82bbb02.binning_data.json,2023-02-19 08:34:27.483,2023-02-18 09:37:46.355,com.sec.android.app.shealth,-2,3516,1.2827454,2666.84,183.07011,VfS0qUERdZ,com.sec.android.app.shealth,5ecdab7a-b24f-4ac0-a6a5-c3f8f82bbb02,1676678400000,
b56d7a92-3d07-4f21-b9e8-145d6cbd4c3d.binning_data.json,2023-02-20 06:29:03.225,2023-02-20 06:29:03.225,com.sec.android.app.shealth,0,1864,1.1674924,1383.8998,92.74,aZEautf6/t,com.sec.android.app.shealth,b56d7a92-3d07-4f21-b9e8-145d6cbd4c3d,1676764800000,
c9075b1d-c463-4ee3-8b4f-30816b481f5d.binning_data.json,2023-02-18 06:00:14.014,2023-02-17 06:00:03.009,com.sec.android.app.shealth,104,630,1.197188,465.24997,31.459946,iRIQdWw88T,com.sec.android.app.shealth,c9075b1d-c463-4ee3-8b4f-30816b481f5d,1676505600000,
afe5d4c5-97ec-44f7-98ef-7bad2fda1530.binning_data.json,2023-02-19 06:00:01.366,2023-02-19 06:00:01.366,com.sec.android.app.shealth,0,1073,1.3484204,838.77997,56.739998,aZEautf6/t,com.sec.android.app.shealth,afe5d4c5-97ec-44f7-98ef-7bad2fda1530,1676678400000,
d9a51ef0-40c9-4a8f-980f-01846ca024c8.binning_data.json,2023-02-20 06:29:04.219,2023-02-20 06:29:04.219,com.sec.android.app.shealth,104,2832,1.2201313,2107.1943,142.91054,iRIQdWw88T,com.sec.android.app.shealth,d9a51ef0-40c9-4a8f-980f-01846ca024c8,1676764800000,
5836ada9-69b5-4eb1-b7da-eb16b3e646d8.binning_data.json,2023-02-20 04:25:23.575,2023-02-19 13:43:15.108,com.sec.android.app.shealth,-2,2974,1.2049538,2209.972,149.87021,VfS0qUERdZ,com.sec.android.app.shealth,5836ada9-69b5-4eb1-b7da-eb16b3e646d8,1676764800000,
f5e751bb-7230-4797-86a9-58dfd0aec4cf.binning_data.json,2023-02-21 08:42:55.001,2023-02-20 08:34:46.876,com.sec.android.app.shealth,-2,1397,1.1794226,1033.7694,69.31052,VfS0qUERdZ,com.sec.android.app.shealth,f5e751bb-7230-4797-86a9-58dfd0aec4cf,1676851200000,
64292236-7e14-417f-a822-4d3d1e8dd6e4.binning_data.json,2023-02-22 06:19:49.610,2023-02-22 06:19:49.610,com.sec.android.app.shealth,0,1006,1.3557693,769.82996,50.089996,aZEautf6/t,com.sec.android.app.shealth,64292236-7e14-417f-a822-4d3d1e8dd6e4,1676937600000,
0a9a10a9-48cb-4778-a0de-8369fb79ffca.binning_data.json,2023-02-20 06:29:04.227,2023-02-19 06:00:02.630,com.sec.android.app.shealth,104,3008,1.2560182,2250.6099,154.79013,iRIQdWw88T,com.sec.android.app.shealth,0a9a10a9-48cb-4778-a0de-8369fb79ffca,1676678400000,
becba340-0cbf-4e25-916c-d3c78251d081.binning_data.json,2023-02-23 06:41:06.035,2023-02-22 06:19:52.546,com.sec.android.app.shealth,104,2398,1.3330681,1822.292,122.2209,iRIQdWw88T,com.sec.android.app.shealth,becba340-0cbf-4e25-916c-d3c78251d081,1676937600000,
deaaf2aa-8d08-4ae3-9993-379ed113f5f9.binning_data.json,2023-02-21 07:16:18.690,2023-02-21 07:16:18.690,com.sec.android.app.shealth,0,377,1.1918709,281.43,18.380001,aZEautf6/t,com.sec.android.app.shealth,deaaf2aa-8d08-4ae3-9993-379ed113f5f9,1676851200000,
3f40f5a6-6f48-4489-aa6a-45cf46635972.binning_data.json,2023-02-23 08:09:20.120,2023-02-22 08:25:06.403,com.sec.android.app.shealth,-2,1534,1.2312967,1142.122,78.05037,VfS0qUERdZ,com.sec.android.app.shealth,3f40f5a6-6f48-4489-aa6a-45cf46635972,1677024000000,
1d882e2b-43af-4590-ab36-a100dbc21034.binning_data.json,2023-02-22 06:19:52.550,2023-02-21 07:16:19.663,com.sec.android.app.shealth,104,1294,1.1811353,955.4806,64.270744,iRIQdWw88T,com.sec.android.app.shealth,1d882e2b-43af-4590-ab36-a100dbc21034,1676851200000,
0da6bfb4-e717-454a-8691-6e23bafc6d3e.binning_data.json,2023-02-22 08:25:06.611,2023-02-21 08:42:54.788,com.sec.android.app.shealth,-2,2523,1.3218799,1916.4991,128.36028,VfS0qUERdZ,com.sec.android.app.shealth,0da6bfb4-e717-454a-8691-6e23bafc6d3e,1676937600000,
d08caccb-051a-4136-863e-3feb89fadd0b.binning_data.json,2023-02-25 06:00:03.492,2023-02-24 06:00:02.208,com.sec.android.app.shealth,104,1863,1.2463512,1390.1348,92.54996,iRIQdWw88T,com.sec.android.app.shealth,d08caccb-051a-4136-863e-3feb89fadd0b,1677110400000,
6ab032bb-8c30-47b0-969f-c1a3fac29625.binning_data.json,2023-02-23 06:41:05.106,2023-02-23 06:41:05.106,com.sec.android.app.shealth,0,213,1.1968632,157.65,10.54,aZEautf6/t,com.sec.android.app.shealth,6ab032bb-8c30-47b0-969f-c1a3fac29625,1677024000000,
5aaad12b-a08a-4c33-a418-3c37c7b2e488.binning_data.json,2023-02-24 06:00:01.249,2023-02-24 06:00:01.249,com.sec.android.app.shealth,0,916,1.271543,690.1999,45.210003,aZEautf6/t,com.sec.android.app.shealth,5aaad12b-a08a-4c33-a418-3c37c7b2e488,1677110400000,
cb1798f0-e189-436d-8bc2-04e58a007abc.binning_data.json,2023-02-25 13:39:46.408,2023-02-24 06:57:13.742,com.sec.android.app.shealth,-2,3178,1.2399596,2370.8472,158.76056,VfS0qUERdZ,com.sec.android.app.shealth,cb1798f0-e189-436d-8bc2-04e58a007abc,1677196800000,
842cef72-69c1-4363-a3e6-506fd55020b5.binning_data.json,2023-02-24 06:00:02.215,2023-02-23 06:41:06.054,com.sec.android.app.shealth,104,1416,1.2289081,1053.562,72.240364,iRIQdWw88T,com.sec.android.app.shealth,842cef72-69c1-4363-a3e6-506fd55020b5,1677024000000,
f98ffe07-3e2c-4380-b64b-8564113b954a.binning_data.json,2023-02-24 06:57:13.944,2023-02-23 08:09:20.696,com.sec.android.app.shealth,-2,1958,1.2422991,1461.6147,97.149956,VfS0qUERdZ,com.sec.android.app.shealth,f98ffe07-3e2c-4380-b64b-8564113b954a,1677110400000,
6ee1d906-1e36-4325-a3f3-3944fb87f85e.binning_data.json,2023-02-25 06:00:01.901,2023-02-25 06:00:01.901,com.sec.android.app.shealth,0,834,1.3113545,632.9,41.43,aZEautf6/t,com.sec.android.app.shealth,6ee1d906-1e36-4325-a3f3-3944fb87f85e,1677196800000,
d9ec611c-19ec-4968-87b6-24677257ce4e.binning_data.json,2023-02-27 06:02:41.022,2023-02-26 06:35:27.409,com.sec.android.app.shealth,104,3323,1.1917486,2453.3105,166.021,iRIQdWw88T,com.sec.android.app.shealth,d9ec611c-19ec-4968-87b6-24677257ce4e,1677283200000,
7540c827-8fc8-4864-ad42-5fdee0a60231.binning_data.json,2023-02-26 06:35:26.395,2023-02-26 06:35:26.395,com.sec.android.app.shealth,0,3039,1.1657408,2256.27,150.25,aZEautf6/t,com.sec.android.app.shealth,7540c827-8fc8-4864-ad42-5fdee0a60231,1677283200000,
5ed7f687-4da2-41fe-8508-1daa1c378cba.binning_data.json,2023-02-26 06:35:27.383,2023-02-25 06:00:03.483,com.sec.android.app.shealth,104,3027,1.2540325,2262.7373,152.95056,iRIQdWw88T,com.sec.android.app.shealth,5ed7f687-4da2-41fe-8508-1daa1c378cba,1677196800000,
21c7f8fc-3036-4370-b338-f5a4a7de5f11.binning_data.json,2023-02-26 09:54:26.842,2023-02-25 10:21:23.460,com.sec.android.app.shealth,-2,4218,1.1621071,3112.4778,210.89041,VfS0qUERdZ,com.sec.android.app.shealth,21c7f8fc-3036-4370-b338-f5a4a7de5f11,1677283200000,
66161612-8d3b-4657-968f-495d0c541182.binning_data.json,2023-02-27 08:36:49.811,2023-02-26 09:54:26.591,com.sec.android.app.shealth,-2,3837,1.250841,2872.6995,190.46033,VfS0qUERdZ,com.sec.android.app.shealth,66161612-8d3b-4657-968f-495d0c541182,1677369600000,
097fdfac-f971-42a3-a6a9-6674b700ab94.binning_data.json,2023-02-27 06:02:39.412,2023-02-27 06:02:39.412,com.sec.android.app.shealth,0,1992,1.2975136,1512.5801,98.32,aZEautf6/t,com.sec.android.app.shealth,097fdfac-f971-42a3-a6a9-6674b700ab94,1677369600000,
fa518634-261c-411a-a3fc-f19e8cd5c628.binning_data.json,2023-03-01 06:00:03.132,2023-02-28 06:00:07.809,com.sec.android.app.shealth,104,4267,1.2543578,3193.8018,213.87296,iRIQdWw88T,com.sec.android.app.shealth,fa518634-261c-411a-a3fc-f19e8cd5c628,1677456000000,
ed103947-849a-4b31-953a-d21d7c8407de.binning_data.json,2023-02-28 06:02:11.172,2023-02-28 06:00:06.652,com.sec.android.app.shealth,0,2496,1.314406,1907.12,125.759995,aZEautf6/t,com.sec.android.app.shealth,ed103947-849a-4b31-953a-d21d7c8407de,1677456000000,
9be3eb95-5add-4dad-92ae-d6cd8d0701c0.binning_data.json,2023-02-28 12:43:02.058,2023-02-27 08:36:49.577,com.sec.android.app.shealth,-2,5018,1.2547745,3770.0095,252.19193,VfS0qUERdZ,com.sec.android.app.shealth,9be3eb95-5add-4dad-92ae-d6cd8d0701c0,1677456000000,
6987e2cc-c646-4a4f-91d9-ead17fc37108.binning_data.json,2023-02-28 06:00:07.782,2023-02-27 06:02:41.037,com.sec.android.app.shealth,104,3536,1.2365856,2631.9868,176.3011,iRIQdWw88T,com.sec.android.app.shealth,6987e2cc-c646-4a4f-91d9-ead17fc37108,1677369600000,
8839f493-2b84-49f8-a432-eb59a29f00e3.binning_data.json,2023-03-02 06:00:02.474,2023-03-02 06:00:02.474,com.sec.android.app.shealth,0,1863,1.15023,1379.19,92.44999,aZEautf6/t,com.sec.android.app.shealth,8839f493-2b84-49f8-a432-eb59a29f00e3,1677628800000,
9646e8a0-8c29-4d3a-9798-7f86530e7ca6.binning_data.json,2023-03-01 09:41:24.706,2023-02-28 06:24:30.119,com.sec.android.app.shealth,-2,4273,1.2779915,3211.795,212.52168,VfS0qUERdZ,com.sec.android.app.shealth,9646e8a0-8c29-4d3a-9798-7f86530e7ca6,1677542400000,
66128001-9042-4891-a564-9fdd2a88e9cd.binning_data.json,2023-03-01 06:00:01.734,2023-03-01 06:00:01.734,com.sec.android.app.shealth,0,2201,1.2608105,1658.34,109.049995,aZEautf6/t,com.sec.android.app.shealth,66128001-9042-4891-a564-9fdd2a88e9cd,1677542400000,
0585c51f-ecba-40c7-b026-88c63de18d3c.binning_data.json,2023-03-02 14:53:12.119,2023-03-01 09:41:24.436,com.sec.android.app.shealth,-2,2485,1.1750069,1846.1215,123.13049,VfS0qUERdZ,com.sec.android.app.shealth,0585c51f-ecba-40c7-b026-88c63de18d3c,1677628800000,
00d0475d-9d5f-4242-9ea9-12986dd02143.binning_data.json,2023-03-02 06:00:04.281,2023-03-01 06:00:03.126,com.sec.android.app.shealth,104,3596,1.303384,2705.974,180.80183,iRIQdWw88T,com.sec.android.app.shealth,00d0475d-9d5f-4242-9ea9-12986dd02143,1677542400000,
6a78e6a1-a68b-477e-9c71-fbf1f33a0e7c.binning_data.json,2023-03-03 06:00:02.931,2023-03-02 06:00:04.275,com.sec.android.app.shealth,104,1391,1.3003076,1050.9031,68.73072,iRIQdWw88T,com.sec.android.app.shealth,6a78e6a1-a68b-477e-9c71-fbf1f33a0e7c,1677628800000,
d6cf7050-9839-4fd4-bd78-a019b07eba53.binning_data.json,2023-03-03 06:00:01.821,2023-03-03 06:00:01.821,com.sec.android.app.shealth,0,609,1.3626276,465.50006,30.199999,aZEautf6/t,com.sec.android.app.shealth,d6cf7050-9839-4fd4-bd78-a019b07eba53,1677715200000,
f8737265-c6ff-4616-b3fb-c4c7f4d86094.binning_data.json,2023-03-04 16:10:32.380,2023-03-03 10:53:08.590,com.sec.android.app.shealth,-2,994,1.2279956,740.45764,49.250458,VfS0qUERdZ,com.sec.android.app.shealth,f8737265-c6ff-4616-b3fb-c4c7f4d86094,1677801600000,
0c5fc547-2460-47c6-be7f-9e5313cb7304.binning_data.json,2023-03-04 06:00:01.641,2023-03-04 06:00:01.641,com.sec.android.app.shealth,0,178,1.1860222,132.58,8.79,aZEautf6/t,com.sec.android.app.shealth,0c5fc547-2460-47c6-be7f-9e5313cb7304,1677801600000,
5d5f6e91-b5b2-4308-8776-d7bcfc68fe6c.binning_data.json,2023-03-04 06:00:03.496,2023-03-03 06:00:02.952,com.sec.android.app.shealth,104,1633,1.3187122,1235.3486,82.0904,iRIQdWw88T,com.sec.android.app.shealth,5d5f6e91-b5b2-4308-8776-d7bcfc68fe6c,1677715200000,
b87b0a9c-264a-4102-968f-ba61d7ce04a7.binning_data.json,2023-03-05 06:01:30.415,2023-03-04 06:00:03.517,com.sec.android.app.shealth,104,914,1.2319624,680.7389,45.31044,iRIQdWw88T,com.sec.android.app.shealth,b87b0a9c-264a-4102-968f-ba61d7ce04a7,1677801600000,
9f9fffac-2b25-448f-a879-a03c37ecdaab.binning_data.json,2023-03-05 06:00:01.935,2023-03-05 06:00:01.935,com.sec.android.app.shealth,0,1560,1.1822606,1159.83,76.07,aZEautf6/t,com.sec.android.app.shealth,9f9fffac-2b25-448f-a879-a03c37ecdaab,1677888000000,
279877d2-55d7-45aa-aa67-e024bfd742aa.binning_data.json,2023-03-06 12:57:52.971,2023-03-05 11:53:08.468,com.sec.android.app.shealth,-2,1304,1.2695364,978.9358,69.17017,VfS0qUERdZ,com.sec.android.app.shealth,279877d2-55d7-45aa-aa67-e024bfd742aa,1677974400000,
00ca320e-fa72-4464-a218-6735330981b9.binning_data.json,2023-03-03 10:53:08.836,2023-03-02 07:25:35.705,com.sec.android.app.shealth,-2,1740,1.3060342,1314.1888,87.560425,VfS0qUERdZ,com.sec.android.app.shealth,00ca320e-fa72-4464-a218-6735330981b9,1677715200000,
c81fd8ea-a4de-4290-aa1f-9f2a0caa5ae6.binning_data.json,2023-03-06 06:41:43.437,2023-03-06 06:41:43.437,com.sec.android.app.shealth,0,80,1.256083,59.16,2.56,aZEautf6/t,com.sec.android.app.shealth,c81fd8ea-a4de-4290-aa1f-9f2a0caa5ae6,1677974400000,
d29ed96d-adbf-4bb8-b931-e36cd83c739b.binning_data.json,2023-03-06 06:41:44.404,2023-03-05 06:01:30.409,com.sec.android.app.shealth,104,2940,1.1842608,2169.1497,145.54114,iRIQdWw88T,com.sec.android.app.shealth,d29ed96d-adbf-4bb8-b931-e36cd83c739b,1677888000000,
ec5e8327-3420-429c-bf91-051a2ab0c644.binning_data.json,2023-03-07 06:00:02.708,2023-03-07 06:00:02.708,com.sec.android.app.shealth,0,184,1.1810178,135.96,5.8,aZEautf6/t,com.sec.android.app.shealth,ec5e8327-3420-429c-bf91-051a2ab0c644,1678060800000,
a1be603b-9afc-4a10-90ad-1bc00ede3e86.binning_data.json,2023-03-05 11:53:08.767,2023-03-04 08:57:43.807,com.sec.android.app.shealth,-2,3143,1.1822813,2322.3704,154.85056,VfS0qUERdZ,com.sec.android.app.shealth,a1be603b-9afc-4a10-90ad-1bc00ede3e86,1677888000000,
d8f67ca2-901d-44ee-ac6a-d73afd1cc3b7.binning_data.json,2023-03-07 06:00:03.601,2023-03-06 06:41:44.401,com.sec.android.app.shealth,104,1224,1.2704115,919.77576,66.610176,iRIQdWw88T,com.sec.android.app.shealth,d8f67ca2-901d-44ee-ac6a-d73afd1cc3b7,1677974400000,
6307fffe-17e5-404a-bba0-ac5e49779eb8.binning_data.json,2023-03-07 06:00:03.597,2023-03-07 06:00:03.597,com.sec.android.app.shealth,104,527,1.2264179,393.05704,25.851603,iRIQdWw88T,com.sec.android.app.shealth,6307fffe-17e5-404a-bba0-ac5e49779eb8,1678060800000,
cb2e78bd-1750-41e4-a5b1-7278d1f88a29.binning_data.json,2023-03-07 06:16:48.705,2023-03-06 12:57:52.765,com.sec.android.app.shealth,-2,883,1.2162799,656.8942,40.171688,VfS0qUERdZ,com.sec.android.app.shealth,cb2e78bd-1750-41e4-a5b1-7278d1f88a29,1678060800000,
da0d6bac-04d4-49cc-bcc3-5e16927862f7.binning_data.json,2023-03-08 05:22:11.234,2023-03-07 16:19:56.512,com.sec.android.app.shealth,-2,941,1.1441876,687.6061,43.920998,VfS0qUERdZ,com.sec.android.app.shealth,da0d6bac-04d4-49cc-bcc3-5e16927862f7,1678147200000,
